{
	"class_name" : "PinholeCameraParameters",
	"extrinsic" : 
	[
		1.0,
		-0.0,
		-0.0,
		0.0,
		0.0,
		-1.0,
		-0.0,
		0.0,
		0.0,
		-0.0,
		-1.0,
		0.0,
		-0.63301287223422342,
		-0.091178177365256755,
		0.18643431460195242,
		1.0
	],
	"intrinsic" : 
	{
		"height" : 972,
		"intrinsic_matrix" : 
		[
			841.77669247847462,
			0.0,
			0.0,
			0.0,
			841.77669247847462,
			0.0,
			959.5,
			485.5,
			1.0
		],
		"width" : 1920
	},
	"version_major" : 1,
	"version_minor" : 0
}